-- phpMyAdmin SQL Dump
-- version 5.2.1
-- https://www.phpmyadmin.net/
--
-- Host: localhost:3306
-- Generation Time: Oct 06, 2025 at 03:44 PM
-- Server version: 8.0.30
-- PHP Version: 8.4.1

SET SQL_MODE = "NO_AUTO_VALUE_ON_ZERO";
START TRANSACTION;
SET time_zone = "+00:00";


/*!40101 SET @OLD_CHARACTER_SET_CLIENT=@@CHARACTER_SET_CLIENT */;
/*!40101 SET @OLD_CHARACTER_SET_RESULTS=@@CHARACTER_SET_RESULTS */;
/*!40101 SET @OLD_COLLATION_CONNECTION=@@COLLATION_CONNECTION */;
/*!40101 SET NAMES utf8mb4 */;

--
-- Database: `bpstegal`
--

-- --------------------------------------------------------

--
-- Table structure for table `carousel`
--

CREATE TABLE `carousel` (
  `id` int UNSIGNED NOT NULL,
  `judul` varchar(255) COLLATE utf8mb4_general_ci NOT NULL,
  `gambar` varchar(255) COLLATE utf8mb4_general_ci NOT NULL,
  `link_url` varchar(255) COLLATE utf8mb4_general_ci DEFAULT NULL,
  `created_at` datetime DEFAULT NULL,
  `updated_at` datetime DEFAULT NULL
) ENGINE=InnoDB DEFAULT CHARSET=utf8mb4 COLLATE=utf8mb4_general_ci;

--
-- Dumping data for table `carousel`
--

INSERT INTO `carousel` (`id`, `judul`, `gambar`, `link_url`, `created_at`, `updated_at`) VALUES
(1, 'Pencatatan Perdana Saham', 'hero1.jpg', 'https://www.idx.co.id/id', '2025-10-06 22:43:42', NULL),
(2, 'Laporan Keuangan', 'hero2.png', 'https://www.idx.co.id/id/berita/laporan-keuangan', '2025-10-06 22:43:42', NULL),
(3, 'E-IPO Informasi', 'hero3.jpg', 'https://e-ipo.co.id/', '2025-10-06 22:43:42', NULL);

-- --------------------------------------------------------

--
-- Table structure for table `indicators`
--

CREATE TABLE `indicators` (
  `id` int UNSIGNED NOT NULL,
  `region_id` int UNSIGNED NOT NULL,
  `name` varchar(150) COLLATE utf8mb4_general_ci NOT NULL,
  `code` varchar(50) COLLATE utf8mb4_general_ci DEFAULT NULL,
  `created_at` datetime DEFAULT NULL,
  `updated_at` datetime DEFAULT NULL
) ENGINE=InnoDB DEFAULT CHARSET=utf8mb4 COLLATE=utf8mb4_general_ci;

--
-- Dumping data for table `indicators`
--

INSERT INTO `indicators` (`id`, `region_id`, `name`, `code`, `created_at`, `updated_at`) VALUES
(1, 1, 'Kependudukan', 'KEPEND', '2025-10-06 22:43:42', '2025-10-06 22:43:42'),
(2, 1, 'Kemiskinan', 'KMISK', '2025-10-06 22:43:42', '2025-10-06 22:43:42'),
(3, 1, 'Ketenagakerjaan', 'NAKER', '2025-10-06 22:43:42', '2025-10-06 22:43:42'),
(4, 1, 'Perekonomian', 'EKO', '2025-10-06 22:43:42', '2025-10-06 22:43:42'),
(5, 1, 'Ketimpangan & Distribusi', 'KETIMP', '2025-10-06 22:43:42', '2025-10-06 22:43:42'),
(6, 1, 'Dimensi IPM', 'IPM', '2025-10-06 22:43:42', '2025-10-06 22:43:42'),
(7, 1, 'UMKM', 'D_Y_BAR_KOTA', '2025-10-06 22:43:42', '2025-10-06 22:43:42'),
(8, 2, 'PDRB Atas Dasar Harga Berlaku', 'PDRB_KAB', '2025-10-06 22:43:42', '2025-10-06 22:43:42'),
(9, 3, 'Contoh Timeseries Tahunan', 'D_Y_LINE', '2025-10-06 22:43:42', '2025-10-06 22:43:42'),
(10, 3, 'Contoh Timeseries Triwulanan', 'D_Q_LINE', '2025-10-06 22:43:42', '2025-10-06 22:43:42'),
(11, 3, 'Contoh Timeseries Bulanan', 'D_M_LINE', '2025-10-06 22:43:42', '2025-10-06 22:43:42'),
(12, 3, 'Contoh Bar Tahunan', 'D_Y_BAR', '2025-10-06 22:43:43', '2025-10-06 22:43:43'),
(13, 3, 'Contoh Bar Triwulanan', 'D_Q_BAR', '2025-10-06 22:43:43', '2025-10-06 22:43:43'),
(14, 3, 'Contoh Bar Bulanan', 'D_M_BAR', '2025-10-06 22:43:43', '2025-10-06 22:43:43'),
(15, 3, 'Contoh Bar Tahunan Multi Variabel', 'D_Y_BAR_MULTI', '2025-10-06 22:43:43', '2025-10-06 22:43:43'),
(16, 3, 'Contoh Proporsi Tahunan', 'D_Y_PIE', '2025-10-06 22:43:43', '2025-10-06 22:43:43'),
(17, 3, 'Contoh Proporsi Triwulanan', 'D_Q_PIE', '2025-10-06 22:43:43', '2025-10-06 22:43:43'),
(18, 3, 'Contoh Proporsi Bulanan', 'D_M_PIE', '2025-10-06 22:43:43', '2025-10-06 22:43:43'),
(19, 3, 'Contoh Line Triwulanan 2', 'D_Q_LINE_2', '2025-10-06 22:43:43', '2025-10-06 22:43:43'),
(20, 3, 'Contoh Line Bulanan 2', 'D_M_LINE_2', '2025-10-06 22:43:43', '2025-10-06 22:43:43'),
(21, 3, 'Contoh Proporsi Triwulanan 2', 'D_Q_PIE_2', '2025-10-06 22:43:43', '2025-10-06 22:43:43'),
(22, 3, 'Contoh Proporsi Bulanan 2', 'D_M_PIE_2', '2025-10-06 22:43:43', '2025-10-06 22:43:43');

-- --------------------------------------------------------

--
-- Table structure for table `indicator_rows`
--

CREATE TABLE `indicator_rows` (
  `id` int UNSIGNED NOT NULL,
  `indicator_id` int UNSIGNED NOT NULL,
  `subindikator` varchar(200) COLLATE utf8mb4_general_ci NOT NULL,
  `timeline` enum('yearly','quarterly','monthly') COLLATE utf8mb4_general_ci NOT NULL DEFAULT 'yearly',
  `data_type` enum('timeseries','jumlah_kategori','proporsi') COLLATE utf8mb4_general_ci NOT NULL DEFAULT 'timeseries',
  `unit` varchar(50) COLLATE utf8mb4_general_ci DEFAULT NULL,
  `interpretasi` text COLLATE utf8mb4_general_ci,
  `sort_order` int NOT NULL DEFAULT '0',
  `created_at` datetime DEFAULT NULL,
  `updated_at` datetime DEFAULT NULL
) ENGINE=InnoDB DEFAULT CHARSET=utf8mb4 COLLATE=utf8mb4_general_ci;

--
-- Dumping data for table `indicator_rows`
--

INSERT INTO `indicator_rows` (`id`, `indicator_id`, `subindikator`, `timeline`, `data_type`, `unit`, `interpretasi`, `sort_order`, `created_at`, `updated_at`) VALUES
(1, 1, 'Jumlah Penduduk', 'yearly', 'timeseries', 'jiwa', NULL, 1, '2025-10-06 22:43:42', '2025-10-06 22:43:42'),
(2, 1, 'Jumlah Penduduk Laki-laki', 'yearly', 'timeseries', 'jiwa', NULL, 2, '2025-10-06 22:43:42', '2025-10-06 22:43:42'),
(3, 1, 'Jumlah Penduduk Perempuan', 'yearly', 'timeseries', 'jiwa', NULL, 3, '2025-10-06 22:43:42', '2025-10-06 22:43:42'),
(4, 1, 'Angka Ketergantungan', 'yearly', 'timeseries', NULL, NULL, 4, '2025-10-06 22:43:42', '2025-10-06 22:43:42'),
(5, 1, 'Kepadatan Penduduk', 'yearly', 'timeseries', 'Jiwa/Km2', NULL, 5, '2025-10-06 22:43:42', '2025-10-06 22:43:42'),
(6, 1, 'Sex Ratio', 'yearly', 'timeseries', NULL, NULL, 6, '2025-10-06 22:43:42', '2025-10-06 22:43:42'),
(7, 2, 'Persentase Penduduk Miskin', 'yearly', 'timeseries', '%', 'Lebih rendah lebih baik', 1, '2025-10-06 22:43:42', '2025-10-06 22:43:42'),
(8, 2, 'Indeks Kedalaman Kemiskinan (P1)', 'yearly', 'timeseries', NULL, 'Lebih rendah lebih baik', 2, '2025-10-06 22:43:42', '2025-10-06 22:43:42'),
(9, 2, 'Indeks Keparahan Kemiskinan (P2)', 'yearly', 'timeseries', NULL, 'Lebih rendah lebih baik', 3, '2025-10-06 22:43:42', '2025-10-06 22:43:42'),
(10, 2, 'Garis Kemiskinan', 'yearly', 'timeseries', 'Rupiah/Kapita/Bulan', NULL, 4, '2025-10-06 22:43:42', '2025-10-06 22:43:42'),
(11, 3, 'Tingkat Pengangguran Terbuka (TPT)', 'yearly', 'timeseries', '%', 'Lebih rendah lebih baik', 1, '2025-10-06 22:43:42', '2025-10-06 22:43:42'),
(12, 3, 'Tingkat Partisipasi Angkatan Kerja (TPAK)', 'yearly', 'timeseries', '%', 'Lebih tinggi lebih baik', 2, '2025-10-06 22:43:42', '2025-10-06 22:43:42'),
(13, 4, 'PDRB per Kapita (ADHB)', 'yearly', 'timeseries', 'Juta Rupiah', 'Lebih tinggi lebih baik', 1, '2025-10-06 22:43:42', '2025-10-06 22:43:42'),
(14, 4, 'Laju Pertumbuhan Ekonomi (y-on-y)', 'yearly', 'timeseries', '%', NULL, 2, '2025-10-06 22:43:42', '2025-10-06 22:43:42'),
(15, 5, 'Gini Ratio', 'yearly', 'timeseries', NULL, 'Lebih rendah lebih baik', 1, '2025-10-06 22:43:42', '2025-10-06 22:43:42'),
(16, 5, 'Distribusi Pendapatan (Proporsi)', 'yearly', 'proporsi', '%', NULL, 2, '2025-10-06 22:43:42', '2025-10-06 22:43:42'),
(17, 6, 'Umur Harapan Hidup', 'yearly', 'timeseries', 'tahun', NULL, 1, '2025-10-06 22:43:42', '2025-10-06 22:43:42'),
(18, 6, 'Harapan Lama Sekolah', 'yearly', 'timeseries', 'tahun', NULL, 2, '2025-10-06 22:43:42', '2025-10-06 22:43:42'),
(19, 6, 'Rata-rata Lama Sekolah (RLS)', 'yearly', 'timeseries', 'tahun', NULL, 3, '2025-10-06 22:43:42', '2025-10-06 22:43:42'),
(20, 7, 'Jumlah UMKM Terdaftar', 'yearly', 'jumlah_kategori', 'unit', NULL, 1, '2025-10-06 22:43:42', '2025-10-06 22:43:42'),
(21, 8, 'Nilai PDRB', 'yearly', 'jumlah_kategori', 'Miliar Rupiah', NULL, 1, '2025-10-06 22:43:42', '2025-10-06 22:43:42'),
(22, 9, 'Produksi Beras', 'yearly', 'timeseries', 'ton', NULL, 1, '2025-10-06 22:43:42', '2025-10-06 22:43:42'),
(23, 10, 'Produksi Ikan (Triwulanan)', 'quarterly', 'timeseries', 'ton', NULL, 1, '2025-10-06 22:43:42', '2025-10-06 22:43:42'),
(24, 11, 'Kunjungan Wisatawan (Bulanan)', 'monthly', 'timeseries', 'orang', NULL, 1, '2025-10-06 22:43:42', '2025-10-06 22:43:42'),
(25, 12, 'Jumlah UMKM Terdaftar', 'yearly', 'jumlah_kategori', 'unit', NULL, 1, '2025-10-06 22:43:43', '2025-10-06 22:43:43'),
(26, 13, 'Produksi Hortikultura (Triwulanan)', 'quarterly', 'jumlah_kategori', 'ton', NULL, 1, '2025-10-06 22:43:43', '2025-10-06 22:43:43'),
(27, 14, 'Penjualan Ritel (Bulanan)', 'monthly', 'jumlah_kategori', 'Miliar Rupiah', NULL, 1, '2025-10-06 22:43:43', '2025-10-06 22:43:43'),
(28, 15, 'Produksi Komoditas Pertanian', 'yearly', 'jumlah_kategori', 'ton', NULL, 1, '2025-10-06 22:43:43', '2025-10-06 22:43:43'),
(29, 16, 'Pangsa Sektor Ekonomi', 'yearly', 'proporsi', '%', NULL, 1, '2025-10-06 22:43:43', '2025-10-06 22:43:43'),
(30, 17, 'Struktur Pengeluaran RT', 'quarterly', 'proporsi', '%', NULL, 1, '2025-10-06 22:43:43', '2025-10-06 22:43:43'),
(31, 18, 'Moda Transportasi', 'monthly', 'proporsi', '%', NULL, 1, '2025-10-06 22:43:43', '2025-10-06 22:43:43'),
(32, 19, 'Indeks Aktivitas Logistik (Triwulanan)', 'quarterly', 'timeseries', 'indeks', NULL, 1, '2025-10-06 22:43:43', '2025-10-06 22:43:43'),
(33, 20, 'Indeks Harga Grosir (Bulanan)', 'monthly', 'timeseries', 'indeks', NULL, 1, '2025-10-06 22:43:43', '2025-10-06 22:43:43'),
(34, 21, 'Pangsa Kunjungan Objek Wisata', 'quarterly', 'proporsi', '%', NULL, 1, '2025-10-06 22:43:43', '2025-10-06 22:43:43'),
(35, 22, 'Moda Perjalanan Bulanan', 'monthly', 'proporsi', '%', NULL, 1, '2025-10-06 22:43:43', '2025-10-06 22:43:43');

-- --------------------------------------------------------

--
-- Table structure for table `indicator_row_vars`
--

CREATE TABLE `indicator_row_vars` (
  `id` int UNSIGNED NOT NULL,
  `row_id` int UNSIGNED NOT NULL,
  `name` varchar(150) COLLATE utf8mb4_general_ci NOT NULL,
  `sort_order` int NOT NULL DEFAULT '0',
  `created_at` datetime DEFAULT NULL,
  `updated_at` datetime DEFAULT NULL
) ENGINE=InnoDB DEFAULT CHARSET=utf8mb4 COLLATE=utf8mb4_general_ci;

--
-- Dumping data for table `indicator_row_vars`
--

INSERT INTO `indicator_row_vars` (`id`, `row_id`, `name`, `sort_order`, `created_at`, `updated_at`) VALUES
(1, 16, '40% bawah', 1, '2025-10-06 22:43:42', '2025-10-06 22:43:42'),
(2, 16, '40% tengah', 2, '2025-10-06 22:43:42', '2025-10-06 22:43:42'),
(3, 16, '20% atas', 3, '2025-10-06 22:43:42', '2025-10-06 22:43:42'),
(4, 20, 'Jumlah', 1, '2025-10-06 22:43:42', '2025-10-06 22:43:42'),
(5, 21, 'Jumlah', 1, '2025-10-06 22:43:42', '2025-10-06 22:43:42'),
(6, 25, 'Jumlah', 1, '2025-10-06 22:43:43', '2025-10-06 22:43:43'),
(7, 26, 'Jumlah', 1, '2025-10-06 22:43:43', '2025-10-06 22:43:43'),
(8, 27, 'Jumlah', 1, '2025-10-06 22:43:43', '2025-10-06 22:43:43'),
(9, 28, 'Padi', 1, '2025-10-06 22:43:43', '2025-10-06 22:43:43'),
(10, 28, 'Jagung', 2, '2025-10-06 22:43:43', '2025-10-06 22:43:43'),
(11, 28, 'Kedelai', 3, '2025-10-06 22:43:43', '2025-10-06 22:43:43'),
(12, 29, 'Pertanian', 1, '2025-10-06 22:43:43', '2025-10-06 22:43:43'),
(13, 29, 'Industri', 2, '2025-10-06 22:43:43', '2025-10-06 22:43:43'),
(14, 29, 'Jasa', 3, '2025-10-06 22:43:43', '2025-10-06 22:43:43'),
(15, 30, 'Pangan', 1, '2025-10-06 22:43:43', '2025-10-06 22:43:43'),
(16, 30, 'Non-Pangan', 2, '2025-10-06 22:43:43', '2025-10-06 22:43:43'),
(17, 31, 'Darat', 1, '2025-10-06 22:43:43', '2025-10-06 22:43:43'),
(18, 31, 'Laut', 2, '2025-10-06 22:43:43', '2025-10-06 22:43:43'),
(19, 31, 'Udara', 3, '2025-10-06 22:43:43', '2025-10-06 22:43:43'),
(20, 34, 'Pantai', 1, '2025-10-06 22:43:43', '2025-10-06 22:43:43'),
(21, 34, 'Kota', 2, '2025-10-06 22:43:43', '2025-10-06 22:43:43'),
(22, 34, 'Pegunungan', 3, '2025-10-06 22:43:43', '2025-10-06 22:43:43'),
(23, 35, 'Darat', 1, '2025-10-06 22:43:43', '2025-10-06 22:43:43'),
(24, 35, 'Laut', 2, '2025-10-06 22:43:43', '2025-10-06 22:43:43'),
(25, 35, 'Udara', 3, '2025-10-06 22:43:43', '2025-10-06 22:43:43'),
(26, 35, 'Lainnya', 4, '2025-10-06 22:43:43', '2025-10-06 22:43:43');

-- --------------------------------------------------------

--
-- Table structure for table `indicator_values`
--

CREATE TABLE `indicator_values` (
  `id` bigint UNSIGNED NOT NULL,
  `row_id` int UNSIGNED NOT NULL,
  `region_id` int UNSIGNED NOT NULL,
  `var_id` int UNSIGNED DEFAULT NULL,
  `year` int DEFAULT NULL,
  `quarter` tinyint(1) DEFAULT NULL,
  `month` tinyint DEFAULT NULL,
  `value` double DEFAULT NULL,
  `created_at` datetime DEFAULT NULL,
  `updated_at` datetime DEFAULT NULL
) ENGINE=InnoDB DEFAULT CHARSET=utf8mb4 COLLATE=utf8mb4_general_ci;

--
-- Dumping data for table `indicator_values`
--

INSERT INTO `indicator_values` (`id`, `row_id`, `region_id`, `var_id`, `year`, `quarter`, `month`, `value`, `created_at`, `updated_at`) VALUES
(1, 1, 1, NULL, 2019, NULL, NULL, 249905, '2025-10-06 22:43:42', '2025-10-06 22:43:42'),
(2, 1, 1, NULL, 2020, NULL, NULL, 273048, '2025-10-06 22:43:42', '2025-10-06 22:43:42'),
(3, 1, 1, NULL, 2021, NULL, NULL, 276399, '2025-10-06 22:43:42', '2025-10-06 22:43:42'),
(4, 1, 1, NULL, 2022, NULL, NULL, 279641, '2025-10-06 22:43:42', '2025-10-06 22:43:42'),
(5, 1, 1, NULL, 2023, NULL, NULL, 282781, '2025-10-06 22:43:42', '2025-10-06 22:43:42'),
(6, 1, 1, NULL, 2024, NULL, NULL, 285843, '2025-10-06 22:43:42', '2025-10-06 22:43:42'),
(7, 2, 1, NULL, 2019, NULL, NULL, 123701, '2025-10-06 22:43:42', '2025-10-06 22:43:42'),
(8, 2, 1, NULL, 2020, NULL, NULL, 137801, '2025-10-06 22:43:42', '2025-10-06 22:43:42'),
(9, 2, 1, NULL, 2021, NULL, NULL, 139455, '2025-10-06 22:43:42', '2025-10-06 22:43:42'),
(10, 2, 1, NULL, 2022, NULL, NULL, 141056, '2025-10-06 22:43:42', '2025-10-06 22:43:42'),
(11, 2, 1, NULL, 2023, NULL, NULL, 142593, '2025-10-06 22:43:42', '2025-10-06 22:43:42'),
(12, 2, 1, NULL, 2024, NULL, NULL, 144086, '2025-10-06 22:43:42', '2025-10-06 22:43:42'),
(13, 3, 1, NULL, 2019, NULL, NULL, 126204, '2025-10-06 22:43:42', '2025-10-06 22:43:42'),
(14, 3, 1, NULL, 2020, NULL, NULL, 135247, '2025-10-06 22:43:42', '2025-10-06 22:43:42'),
(15, 3, 1, NULL, 2021, NULL, NULL, 136944, '2025-10-06 22:43:42', '2025-10-06 22:43:42'),
(16, 3, 1, NULL, 2022, NULL, NULL, 138585, '2025-10-06 22:43:42', '2025-10-06 22:43:42'),
(17, 3, 1, NULL, 2023, NULL, NULL, 140188, '2025-10-06 22:43:42', '2025-10-06 22:43:42'),
(18, 3, 1, NULL, 2024, NULL, NULL, 141757, '2025-10-06 22:43:42', '2025-10-06 22:43:42'),
(19, 4, 1, NULL, 2019, NULL, NULL, 42.88, '2025-10-06 22:43:42', '2025-10-06 22:43:42'),
(20, 4, 1, NULL, 2020, NULL, NULL, 41.9, '2025-10-06 22:43:42', '2025-10-06 22:43:42'),
(21, 4, 1, NULL, 2021, NULL, NULL, 42.25, '2025-10-06 22:43:42', '2025-10-06 22:43:42'),
(22, 4, 1, NULL, 2022, NULL, NULL, 42.61, '2025-10-06 22:43:42', '2025-10-06 22:43:42'),
(23, 4, 1, NULL, 2023, NULL, NULL, 42.98, '2025-10-06 22:43:42', '2025-10-06 22:43:42'),
(24, 4, 1, NULL, 2024, NULL, NULL, 43.37, '2025-10-06 22:43:42', '2025-10-06 22:43:42'),
(25, 5, 1, NULL, 2019, NULL, NULL, 6298.01, '2025-10-06 22:43:42', '2025-10-06 22:43:42'),
(26, 5, 1, NULL, 2020, NULL, NULL, 6958.41, '2025-10-06 22:43:42', '2025-10-06 22:43:42'),
(27, 5, 1, NULL, 2021, NULL, NULL, 7043.81, '2025-10-06 22:43:42', '2025-10-06 22:43:42'),
(28, 5, 1, NULL, 2022, NULL, NULL, 7126.43, '2025-10-06 22:43:42', '2025-10-06 22:43:42'),
(29, 5, 1, NULL, 2023, NULL, NULL, 7206.45, '2025-10-06 22:43:42', '2025-10-06 22:43:42'),
(30, 5, 1, NULL, 2024, NULL, NULL, 7284.48, '2025-10-06 22:43:42', '2025-10-06 22:43:42'),
(31, 6, 1, NULL, 2019, NULL, NULL, 98.02, '2025-10-06 22:43:42', '2025-10-06 22:43:42'),
(32, 6, 1, NULL, 2020, NULL, NULL, 101.89, '2025-10-06 22:43:42', '2025-10-06 22:43:42'),
(33, 6, 1, NULL, 2021, NULL, NULL, 101.83, '2025-10-06 22:43:42', '2025-10-06 22:43:42'),
(34, 6, 1, NULL, 2022, NULL, NULL, 101.78, '2025-10-06 22:43:42', '2025-10-06 22:43:42'),
(35, 6, 1, NULL, 2023, NULL, NULL, 101.72, '2025-10-06 22:43:42', '2025-10-06 22:43:42'),
(36, 6, 1, NULL, 2024, NULL, NULL, 101.64, '2025-10-06 22:43:42', '2025-10-06 22:43:42'),
(37, 7, 1, NULL, 2019, NULL, NULL, 7.47, '2025-10-06 22:43:42', '2025-10-06 22:43:42'),
(38, 7, 1, NULL, 2020, NULL, NULL, 7.8, '2025-10-06 22:43:42', '2025-10-06 22:43:42'),
(39, 7, 1, NULL, 2021, NULL, NULL, 8.12, '2025-10-06 22:43:42', '2025-10-06 22:43:42'),
(40, 7, 1, NULL, 2022, NULL, NULL, 7.91, '2025-10-06 22:43:42', '2025-10-06 22:43:42'),
(41, 7, 1, NULL, 2023, NULL, NULL, 7.68, '2025-10-06 22:43:42', '2025-10-06 22:43:42'),
(42, 7, 1, NULL, 2024, NULL, NULL, 7.64, '2025-10-06 22:43:42', '2025-10-06 22:43:42'),
(43, 8, 1, NULL, 2019, NULL, NULL, 1.15, '2025-10-06 22:43:42', '2025-10-06 22:43:42'),
(44, 8, 1, NULL, 2020, NULL, NULL, 1.38, '2025-10-06 22:43:42', '2025-10-06 22:43:42'),
(45, 8, 1, NULL, 2021, NULL, NULL, 1.04, '2025-10-06 22:43:42', '2025-10-06 22:43:42'),
(46, 8, 1, NULL, 2022, NULL, NULL, 1.15, '2025-10-06 22:43:42', '2025-10-06 22:43:42'),
(47, 8, 1, NULL, 2023, NULL, NULL, 0.86, '2025-10-06 22:43:42', '2025-10-06 22:43:42'),
(48, 8, 1, NULL, 2024, NULL, NULL, 1.34, '2025-10-06 22:43:42', '2025-10-06 22:43:42'),
(49, 9, 1, NULL, 2019, NULL, NULL, 0.24, '2025-10-06 22:43:42', '2025-10-06 22:43:42'),
(50, 9, 1, NULL, 2020, NULL, NULL, 0.36, '2025-10-06 22:43:42', '2025-10-06 22:43:42'),
(51, 9, 1, NULL, 2021, NULL, NULL, 0.24, '2025-10-06 22:43:42', '2025-10-06 22:43:42'),
(52, 9, 1, NULL, 2022, NULL, NULL, 0.28, '2025-10-06 22:43:42', '2025-10-06 22:43:42'),
(53, 9, 1, NULL, 2023, NULL, NULL, 0.13, '2025-10-06 22:43:42', '2025-10-06 22:43:42'),
(54, 9, 1, NULL, 2024, NULL, NULL, 0.32, '2025-10-06 22:43:42', '2025-10-06 22:43:42'),
(55, 10, 1, NULL, 2019, NULL, NULL, 465047, '2025-10-06 22:43:42', '2025-10-06 22:43:42'),
(56, 10, 1, NULL, 2020, NULL, NULL, 502031, '2025-10-06 22:43:42', '2025-10-06 22:43:42'),
(57, 10, 1, NULL, 2021, NULL, NULL, 523413, '2025-10-06 22:43:42', '2025-10-06 22:43:42'),
(58, 10, 1, NULL, 2022, NULL, NULL, 565826, '2025-10-06 22:43:42', '2025-10-06 22:43:42'),
(59, 10, 1, NULL, 2023, NULL, NULL, 623617, '2025-10-06 22:43:42', '2025-10-06 22:43:42'),
(60, 10, 1, NULL, 2024, NULL, NULL, 664962, '2025-10-06 22:43:42', '2025-10-06 22:43:42'),
(61, 11, 1, NULL, 2019, NULL, NULL, 8.08, '2025-10-06 22:43:42', '2025-10-06 22:43:42'),
(62, 11, 1, NULL, 2020, NULL, NULL, 8.4, '2025-10-06 22:43:42', '2025-10-06 22:43:42'),
(63, 11, 1, NULL, 2021, NULL, NULL, 8.25, '2025-10-06 22:43:42', '2025-10-06 22:43:42'),
(64, 11, 1, NULL, 2022, NULL, NULL, 6.68, '2025-10-06 22:43:42', '2025-10-06 22:43:42'),
(65, 11, 1, NULL, 2023, NULL, NULL, 6.05, '2025-10-06 22:43:42', '2025-10-06 22:43:42'),
(66, 11, 1, NULL, 2024, NULL, NULL, 5.88, '2025-10-06 22:43:42', '2025-10-06 22:43:42'),
(67, 12, 1, NULL, 2019, NULL, NULL, 69.61, '2025-10-06 22:43:42', '2025-10-06 22:43:42'),
(68, 12, 1, NULL, 2020, NULL, NULL, 69.32, '2025-10-06 22:43:42', '2025-10-06 22:43:42'),
(69, 12, 1, NULL, 2021, NULL, NULL, 68.25, '2025-10-06 22:43:42', '2025-10-06 22:43:42'),
(70, 12, 1, NULL, 2022, NULL, NULL, 68.6, '2025-10-06 22:43:42', '2025-10-06 22:43:42'),
(71, 12, 1, NULL, 2023, NULL, NULL, 66.64, '2025-10-06 22:43:42', '2025-10-06 22:43:42'),
(72, 12, 1, NULL, 2024, NULL, NULL, 69.61, '2025-10-06 22:43:42', '2025-10-06 22:43:42'),
(73, 13, 1, NULL, 2019, NULL, NULL, 61.47, '2025-10-06 22:43:42', '2025-10-06 22:43:42'),
(74, 13, 1, NULL, 2020, NULL, NULL, 55.72, '2025-10-06 22:43:42', '2025-10-06 22:43:42'),
(75, 13, 1, NULL, 2021, NULL, NULL, 57.95, '2025-10-06 22:43:42', '2025-10-06 22:43:42'),
(76, 13, 1, NULL, 2022, NULL, NULL, 63.22, '2025-10-06 22:43:42', '2025-10-06 22:43:42'),
(77, 13, 1, NULL, 2023, NULL, NULL, 67.76, '2025-10-06 22:43:42', '2025-10-06 22:43:42'),
(78, 14, 1, NULL, 2019, NULL, NULL, 5.77, '2025-10-06 22:43:42', '2025-10-06 22:43:42'),
(79, 14, 1, NULL, 2020, NULL, NULL, -2.29, '2025-10-06 22:43:42', '2025-10-06 22:43:42'),
(80, 14, 1, NULL, 2021, NULL, NULL, 3.12, '2025-10-06 22:43:42', '2025-10-06 22:43:42'),
(81, 14, 1, NULL, 2022, NULL, NULL, 5.16, '2025-10-06 22:43:42', '2025-10-06 22:43:42'),
(82, 14, 1, NULL, 2023, NULL, NULL, 5.01, '2025-10-06 22:43:42', '2025-10-06 22:43:42'),
(83, 15, 1, NULL, 2021, NULL, NULL, 0.38, '2025-10-06 22:43:42', '2025-10-06 22:43:42'),
(84, 15, 1, NULL, 2022, NULL, NULL, 0.37, '2025-10-06 22:43:42', '2025-10-06 22:43:42'),
(85, 15, 1, NULL, 2023, NULL, NULL, 0.38, '2025-10-06 22:43:42', '2025-10-06 22:43:42'),
(86, 16, 1, 1, 2023, NULL, NULL, 18.43, '2025-10-06 22:43:42', '2025-10-06 22:43:42'),
(87, 16, 1, 2, 2023, NULL, NULL, 35.56, '2025-10-06 22:43:42', '2025-10-06 22:43:42'),
(88, 16, 1, 3, 2023, NULL, NULL, 46.01, '2025-10-06 22:43:42', '2025-10-06 22:43:42'),
(89, 17, 1, NULL, 2019, NULL, NULL, 74.34, '2025-10-06 22:43:42', '2025-10-06 22:43:42'),
(90, 17, 1, NULL, 2020, NULL, NULL, 74.46, '2025-10-06 22:43:42', '2025-10-06 22:43:42'),
(91, 17, 1, NULL, 2021, NULL, NULL, 74.54, '2025-10-06 22:43:42', '2025-10-06 22:43:42'),
(92, 17, 1, NULL, 2022, NULL, NULL, 74.64, '2025-10-06 22:43:42', '2025-10-06 22:43:42'),
(93, 17, 1, NULL, 2023, NULL, NULL, 74.84, '2025-10-06 22:43:42', '2025-10-06 22:43:42'),
(94, 17, 1, NULL, 2024, NULL, NULL, 75.01, '2025-10-06 22:43:42', '2025-10-06 22:43:42'),
(95, 18, 1, NULL, 2019, NULL, NULL, 13.04, '2025-10-06 22:43:42', '2025-10-06 22:43:42'),
(96, 18, 1, NULL, 2020, NULL, NULL, 13.05, '2025-10-06 22:43:42', '2025-10-06 22:43:42'),
(97, 18, 1, NULL, 2021, NULL, NULL, 13.07, '2025-10-06 22:43:42', '2025-10-06 22:43:42'),
(98, 18, 1, NULL, 2022, NULL, NULL, 13.08, '2025-10-06 22:43:42', '2025-10-06 22:43:42'),
(99, 18, 1, NULL, 2023, NULL, NULL, 13.18, '2025-10-06 22:43:42', '2025-10-06 22:43:42'),
(100, 18, 1, NULL, 2024, NULL, NULL, 13.25, '2025-10-06 22:43:42', '2025-10-06 22:43:42'),
(101, 19, 1, NULL, 2019, NULL, NULL, 8.31, '2025-10-06 22:43:42', '2025-10-06 22:43:42'),
(102, 19, 1, NULL, 2020, NULL, NULL, 8.51, '2025-10-06 22:43:42', '2025-10-06 22:43:42'),
(103, 19, 1, NULL, 2021, NULL, NULL, 8.73, '2025-10-06 22:43:42', '2025-10-06 22:43:42'),
(104, 19, 1, NULL, 2022, NULL, NULL, 9, '2025-10-06 22:43:42', '2025-10-06 22:43:42'),
(105, 19, 1, NULL, 2023, NULL, NULL, 9.24, '2025-10-06 22:43:42', '2025-10-06 22:43:42'),
(106, 19, 1, NULL, 2024, NULL, NULL, 9.28, '2025-10-06 22:43:42', '2025-10-06 22:43:42'),
(107, 20, 1, 4, 2019, NULL, NULL, 5400, '2025-10-06 22:43:42', '2025-10-06 22:43:42'),
(108, 20, 1, 4, 2020, NULL, NULL, 5600, '2025-10-06 22:43:42', '2025-10-06 22:43:42'),
(109, 20, 1, 4, 2021, NULL, NULL, 5900, '2025-10-06 22:43:42', '2025-10-06 22:43:42'),
(110, 20, 1, 4, 2022, NULL, NULL, 6200, '2025-10-06 22:43:42', '2025-10-06 22:43:42'),
(111, 20, 1, 4, 2023, NULL, NULL, 6500, '2025-10-06 22:43:42', '2025-10-06 22:43:42'),
(112, 20, 1, 4, 2024, NULL, NULL, 7000, '2025-10-06 22:43:42', '2025-10-06 22:43:42'),
(113, 21, 2, 5, 2019, NULL, NULL, 14500, '2025-10-06 22:43:42', '2025-10-06 22:43:42'),
(114, 21, 2, 5, 2020, NULL, NULL, 15050, '2025-10-06 22:43:42', '2025-10-06 22:43:42'),
(115, 21, 2, 5, 2021, NULL, NULL, 16010, '2025-10-06 22:43:42', '2025-10-06 22:43:42'),
(116, 21, 2, 5, 2022, NULL, NULL, 17500, '2025-10-06 22:43:42', '2025-10-06 22:43:42'),
(117, 21, 2, 5, 2023, NULL, NULL, 18900, '2025-10-06 22:43:42', '2025-10-06 22:43:42'),
(118, 21, 2, 5, 2024, NULL, NULL, 20100, '2025-10-06 22:43:42', '2025-10-06 22:43:42'),
(119, 22, 3, NULL, 2019, NULL, NULL, 12000, '2025-10-06 22:43:42', '2025-10-06 22:43:42'),
(120, 22, 3, NULL, 2020, NULL, NULL, 11800, '2025-10-06 22:43:42', '2025-10-06 22:43:42'),
(121, 22, 3, NULL, 2021, NULL, NULL, 12600, '2025-10-06 22:43:42', '2025-10-06 22:43:42'),
(122, 22, 3, NULL, 2022, NULL, NULL, 13050, '2025-10-06 22:43:42', '2025-10-06 22:43:42'),
(123, 22, 3, NULL, 2023, NULL, NULL, 12870, '2025-10-06 22:43:42', '2025-10-06 22:43:42'),
(124, 22, 3, NULL, 2024, NULL, NULL, 13540, '2025-10-06 22:43:42', '2025-10-06 22:43:42'),
(125, 23, 3, NULL, 2023, 1, NULL, 320, '2025-10-06 22:43:42', '2025-10-06 22:43:42'),
(126, 23, 3, NULL, 2023, 2, NULL, 410, '2025-10-06 22:43:42', '2025-10-06 22:43:42'),
(127, 23, 3, NULL, 2023, 3, NULL, 380, '2025-10-06 22:43:42', '2025-10-06 22:43:42'),
(128, 23, 3, NULL, 2023, 4, NULL, 450, '2025-10-06 22:43:42', '2025-10-06 22:43:42'),
(129, 23, 3, NULL, 2024, 1, NULL, 360, '2025-10-06 22:43:42', '2025-10-06 22:43:42'),
(130, 23, 3, NULL, 2024, 2, NULL, 430, '2025-10-06 22:43:42', '2025-10-06 22:43:42'),
(131, 23, 3, NULL, 2024, 3, NULL, 405, '2025-10-06 22:43:42', '2025-10-06 22:43:42'),
(132, 23, 3, NULL, 2024, 4, NULL, 470, '2025-10-06 22:43:42', '2025-10-06 22:43:42'),
(133, 24, 3, NULL, 2024, NULL, 1, 1200, '2025-10-06 22:43:42', '2025-10-06 22:43:42'),
(134, 24, 3, NULL, 2024, NULL, 2, 1280, '2025-10-06 22:43:42', '2025-10-06 22:43:42'),
(135, 24, 3, NULL, 2024, NULL, 3, 1500, '2025-10-06 22:43:42', '2025-10-06 22:43:42'),
(136, 24, 3, NULL, 2024, NULL, 4, 1600, '2025-10-06 22:43:42', '2025-10-06 22:43:42'),
(137, 24, 3, NULL, 2024, NULL, 5, 1750, '2025-10-06 22:43:42', '2025-10-06 22:43:42'),
(138, 24, 3, NULL, 2024, NULL, 6, 1800, '2025-10-06 22:43:43', '2025-10-06 22:43:43'),
(139, 24, 3, NULL, 2024, NULL, 7, 1900, '2025-10-06 22:43:43', '2025-10-06 22:43:43'),
(140, 24, 3, NULL, 2024, NULL, 8, 2100, '2025-10-06 22:43:43', '2025-10-06 22:43:43'),
(141, 24, 3, NULL, 2024, NULL, 9, 1950, '2025-10-06 22:43:43', '2025-10-06 22:43:43'),
(142, 24, 3, NULL, 2024, NULL, 10, 1850, '2025-10-06 22:43:43', '2025-10-06 22:43:43'),
(143, 24, 3, NULL, 2024, NULL, 11, 1700, '2025-10-06 22:43:43', '2025-10-06 22:43:43'),
(144, 24, 3, NULL, 2024, NULL, 12, 2200, '2025-10-06 22:43:43', '2025-10-06 22:43:43'),
(145, 25, 3, 6, 2019, NULL, NULL, 5400, '2025-10-06 22:43:43', '2025-10-06 22:43:43'),
(146, 25, 3, 6, 2020, NULL, NULL, 5600, '2025-10-06 22:43:43', '2025-10-06 22:43:43'),
(147, 25, 3, 6, 2021, NULL, NULL, 5900, '2025-10-06 22:43:43', '2025-10-06 22:43:43'),
(148, 25, 3, 6, 2022, NULL, NULL, 6200, '2025-10-06 22:43:43', '2025-10-06 22:43:43'),
(149, 25, 3, 6, 2023, NULL, NULL, 6500, '2025-10-06 22:43:43', '2025-10-06 22:43:43'),
(150, 25, 3, 6, 2024, NULL, NULL, 7000, '2025-10-06 22:43:43', '2025-10-06 22:43:43'),
(151, 26, 3, 7, 2023, 1, NULL, 820, '2025-10-06 22:43:43', '2025-10-06 22:43:43'),
(152, 26, 3, 7, 2023, 2, NULL, 900, '2025-10-06 22:43:43', '2025-10-06 22:43:43'),
(153, 26, 3, 7, 2023, 3, NULL, 880, '2025-10-06 22:43:43', '2025-10-06 22:43:43'),
(154, 26, 3, 7, 2023, 4, NULL, 950, '2025-10-06 22:43:43', '2025-10-06 22:43:43'),
(155, 26, 3, 7, 2024, 1, NULL, 860, '2025-10-06 22:43:43', '2025-10-06 22:43:43'),
(156, 26, 3, 7, 2024, 2, NULL, 940, '2025-10-06 22:43:43', '2025-10-06 22:43:43'),
(157, 26, 3, 7, 2024, 3, NULL, 905, '2025-10-06 22:43:43', '2025-10-06 22:43:43'),
(158, 26, 3, 7, 2024, 4, NULL, 980, '2025-10-06 22:43:43', '2025-10-06 22:43:43'),
(159, 27, 3, 8, 2024, NULL, 1, 85, '2025-10-06 22:43:43', '2025-10-06 22:43:43'),
(160, 27, 3, 8, 2024, NULL, 2, 88, '2025-10-06 22:43:43', '2025-10-06 22:43:43'),
(161, 27, 3, 8, 2024, NULL, 3, 92, '2025-10-06 22:43:43', '2025-10-06 22:43:43'),
(162, 27, 3, 8, 2024, NULL, 4, 95, '2025-10-06 22:43:43', '2025-10-06 22:43:43'),
(163, 27, 3, 8, 2024, NULL, 5, 98, '2025-10-06 22:43:43', '2025-10-06 22:43:43'),
(164, 27, 3, 8, 2024, NULL, 6, 102, '2025-10-06 22:43:43', '2025-10-06 22:43:43'),
(165, 27, 3, 8, 2024, NULL, 7, 110, '2025-10-06 22:43:43', '2025-10-06 22:43:43'),
(166, 27, 3, 8, 2024, NULL, 8, 120, '2025-10-06 22:43:43', '2025-10-06 22:43:43'),
(167, 27, 3, 8, 2024, NULL, 9, 108, '2025-10-06 22:43:43', '2025-10-06 22:43:43'),
(168, 27, 3, 8, 2024, NULL, 10, 104, '2025-10-06 22:43:43', '2025-10-06 22:43:43'),
(169, 27, 3, 8, 2024, NULL, 11, 100, '2025-10-06 22:43:43', '2025-10-06 22:43:43'),
(170, 27, 3, 8, 2024, NULL, 12, 130, '2025-10-06 22:43:43', '2025-10-06 22:43:43'),
(171, 28, 3, 9, 2019, NULL, NULL, 1100, '2025-10-06 22:43:43', '2025-10-06 22:43:43'),
(172, 28, 3, 9, 2020, NULL, NULL, 1080, '2025-10-06 22:43:43', '2025-10-06 22:43:43'),
(173, 28, 3, 9, 2021, NULL, NULL, 1150, '2025-10-06 22:43:43', '2025-10-06 22:43:43'),
(174, 28, 3, 9, 2022, NULL, NULL, 1180, '2025-10-06 22:43:43', '2025-10-06 22:43:43'),
(175, 28, 3, 9, 2023, NULL, NULL, 1205, '2025-10-06 22:43:43', '2025-10-06 22:43:43'),
(176, 28, 3, 9, 2024, NULL, NULL, 1230, '2025-10-06 22:43:43', '2025-10-06 22:43:43'),
(177, 28, 3, 10, 2019, NULL, NULL, 900, '2025-10-06 22:43:43', '2025-10-06 22:43:43'),
(178, 28, 3, 10, 2020, NULL, NULL, 920, '2025-10-06 22:43:43', '2025-10-06 22:43:43'),
(179, 28, 3, 10, 2021, NULL, NULL, 950, '2025-10-06 22:43:43', '2025-10-06 22:43:43'),
(180, 28, 3, 10, 2022, NULL, NULL, 990, '2025-10-06 22:43:43', '2025-10-06 22:43:43'),
(181, 28, 3, 10, 2023, NULL, NULL, 1010, '2025-10-06 22:43:43', '2025-10-06 22:43:43'),
(182, 28, 3, 10, 2024, NULL, NULL, 1040, '2025-10-06 22:43:43', '2025-10-06 22:43:43'),
(183, 28, 3, 11, 2019, NULL, NULL, 300, '2025-10-06 22:43:43', '2025-10-06 22:43:43'),
(184, 28, 3, 11, 2020, NULL, NULL, 310, '2025-10-06 22:43:43', '2025-10-06 22:43:43'),
(185, 28, 3, 11, 2021, NULL, NULL, 320, '2025-10-06 22:43:43', '2025-10-06 22:43:43'),
(186, 28, 3, 11, 2022, NULL, NULL, 330, '2025-10-06 22:43:43', '2025-10-06 22:43:43'),
(187, 28, 3, 11, 2023, NULL, NULL, 340, '2025-10-06 22:43:43', '2025-10-06 22:43:43'),
(188, 28, 3, 11, 2024, NULL, NULL, 350, '2025-10-06 22:43:43', '2025-10-06 22:43:43'),
(189, 29, 3, 12, 2024, NULL, NULL, 18.5, '2025-10-06 22:43:43', '2025-10-06 22:43:43'),
(190, 29, 3, 13, 2024, NULL, NULL, 36.2, '2025-10-06 22:43:43', '2025-10-06 22:43:43'),
(191, 29, 3, 14, 2024, NULL, NULL, 45.3, '2025-10-06 22:43:43', '2025-10-06 22:43:43'),
(192, 30, 3, 15, 2024, 1, NULL, 52, '2025-10-06 22:43:43', '2025-10-06 22:43:43'),
(193, 30, 3, 16, 2024, 1, NULL, 48, '2025-10-06 22:43:43', '2025-10-06 22:43:43'),
(194, 30, 3, 15, 2024, 2, NULL, 51, '2025-10-06 22:43:43', '2025-10-06 22:43:43'),
(195, 30, 3, 16, 2024, 2, NULL, 49, '2025-10-06 22:43:43', '2025-10-06 22:43:43'),
(196, 30, 3, 15, 2024, 3, NULL, 50, '2025-10-06 22:43:43', '2025-10-06 22:43:43'),
(197, 30, 3, 16, 2024, 3, NULL, 50, '2025-10-06 22:43:43', '2025-10-06 22:43:43'),
(198, 30, 3, 15, 2024, 4, NULL, 49.5, '2025-10-06 22:43:43', '2025-10-06 22:43:43'),
(199, 30, 3, 16, 2024, 4, NULL, 50.5, '2025-10-06 22:43:43', '2025-10-06 22:43:43'),
(200, 31, 3, 17, 2024, NULL, 1, 70, '2025-10-06 22:43:43', '2025-10-06 22:43:43'),
(201, 31, 3, 18, 2024, NULL, 1, 20, '2025-10-06 22:43:43', '2025-10-06 22:43:43'),
(202, 31, 3, 19, 2024, NULL, 1, 10, '2025-10-06 22:43:43', '2025-10-06 22:43:43'),
(203, 31, 3, 17, 2024, NULL, 2, 69, '2025-10-06 22:43:43', '2025-10-06 22:43:43'),
(204, 31, 3, 18, 2024, NULL, 2, 20, '2025-10-06 22:43:43', '2025-10-06 22:43:43'),
(205, 31, 3, 19, 2024, NULL, 2, 11, '2025-10-06 22:43:43', '2025-10-06 22:43:43'),
(206, 31, 3, 17, 2024, NULL, 3, 68, '2025-10-06 22:43:43', '2025-10-06 22:43:43'),
(207, 31, 3, 18, 2024, NULL, 3, 21, '2025-10-06 22:43:43', '2025-10-06 22:43:43'),
(208, 31, 3, 19, 2024, NULL, 3, 11, '2025-10-06 22:43:43', '2025-10-06 22:43:43'),
(209, 31, 3, 17, 2024, NULL, 4, 68, '2025-10-06 22:43:43', '2025-10-06 22:43:43'),
(210, 31, 3, 18, 2024, NULL, 4, 21, '2025-10-06 22:43:43', '2025-10-06 22:43:43'),
(211, 31, 3, 19, 2024, NULL, 4, 11, '2025-10-06 22:43:43', '2025-10-06 22:43:43'),
(212, 31, 3, 17, 2024, NULL, 5, 67, '2025-10-06 22:43:43', '2025-10-06 22:43:43'),
(213, 31, 3, 18, 2024, NULL, 5, 21, '2025-10-06 22:43:43', '2025-10-06 22:43:43'),
(214, 31, 3, 19, 2024, NULL, 5, 12, '2025-10-06 22:43:43', '2025-10-06 22:43:43'),
(215, 31, 3, 17, 2024, NULL, 6, 66, '2025-10-06 22:43:43', '2025-10-06 22:43:43'),
(216, 31, 3, 18, 2024, NULL, 6, 22, '2025-10-06 22:43:43', '2025-10-06 22:43:43'),
(217, 31, 3, 19, 2024, NULL, 6, 12, '2025-10-06 22:43:43', '2025-10-06 22:43:43'),
(218, 31, 3, 17, 2024, NULL, 7, 66, '2025-10-06 22:43:43', '2025-10-06 22:43:43'),
(219, 31, 3, 18, 2024, NULL, 7, 22, '2025-10-06 22:43:43', '2025-10-06 22:43:43'),
(220, 31, 3, 19, 2024, NULL, 7, 12, '2025-10-06 22:43:43', '2025-10-06 22:43:43'),
(221, 31, 3, 17, 2024, NULL, 8, 65, '2025-10-06 22:43:43', '2025-10-06 22:43:43'),
(222, 31, 3, 18, 2024, NULL, 8, 22, '2025-10-06 22:43:43', '2025-10-06 22:43:43'),
(223, 31, 3, 19, 2024, NULL, 8, 13, '2025-10-06 22:43:43', '2025-10-06 22:43:43'),
(224, 31, 3, 17, 2024, NULL, 9, 66, '2025-10-06 22:43:43', '2025-10-06 22:43:43'),
(225, 31, 3, 18, 2024, NULL, 9, 22, '2025-10-06 22:43:43', '2025-10-06 22:43:43'),
(226, 31, 3, 19, 2024, NULL, 9, 12, '2025-10-06 22:43:43', '2025-10-06 22:43:43'),
(227, 31, 3, 17, 2024, NULL, 10, 66, '2025-10-06 22:43:43', '2025-10-06 22:43:43'),
(228, 31, 3, 18, 2024, NULL, 10, 22, '2025-10-06 22:43:43', '2025-10-06 22:43:43'),
(229, 31, 3, 19, 2024, NULL, 10, 12, '2025-10-06 22:43:43', '2025-10-06 22:43:43'),
(230, 31, 3, 17, 2024, NULL, 11, 65, '2025-10-06 22:43:43', '2025-10-06 22:43:43'),
(231, 31, 3, 18, 2024, NULL, 11, 22, '2025-10-06 22:43:43', '2025-10-06 22:43:43'),
(232, 31, 3, 19, 2024, NULL, 11, 13, '2025-10-06 22:43:43', '2025-10-06 22:43:43'),
(233, 31, 3, 17, 2024, NULL, 12, 65, '2025-10-06 22:43:43', '2025-10-06 22:43:43'),
(234, 31, 3, 18, 2024, NULL, 12, 22, '2025-10-06 22:43:43', '2025-10-06 22:43:43'),
(235, 31, 3, 19, 2024, NULL, 12, 13, '2025-10-06 22:43:43', '2025-10-06 22:43:43'),
(236, 32, 3, NULL, 2023, 1, NULL, 99.2, '2025-10-06 22:43:43', '2025-10-06 22:43:43'),
(237, 32, 3, NULL, 2023, 2, NULL, 101.5, '2025-10-06 22:43:43', '2025-10-06 22:43:43'),
(238, 32, 3, NULL, 2023, 3, NULL, 100.1, '2025-10-06 22:43:43', '2025-10-06 22:43:43'),
(239, 32, 3, NULL, 2023, 4, NULL, 102.3, '2025-10-06 22:43:43', '2025-10-06 22:43:43'),
(240, 32, 3, NULL, 2024, 1, NULL, 100.7, '2025-10-06 22:43:43', '2025-10-06 22:43:43'),
(241, 32, 3, NULL, 2024, 2, NULL, 103, '2025-10-06 22:43:43', '2025-10-06 22:43:43'),
(242, 32, 3, NULL, 2024, 3, NULL, 101.2, '2025-10-06 22:43:43', '2025-10-06 22:43:43'),
(243, 32, 3, NULL, 2024, 4, NULL, 104.1, '2025-10-06 22:43:43', '2025-10-06 22:43:43'),
(244, 33, 3, NULL, 2024, NULL, 1, 101.1, '2025-10-06 22:43:43', '2025-10-06 22:43:43'),
(245, 33, 3, NULL, 2024, NULL, 2, 101.3, '2025-10-06 22:43:43', '2025-10-06 22:43:43'),
(246, 33, 3, NULL, 2024, NULL, 3, 101.9, '2025-10-06 22:43:43', '2025-10-06 22:43:43'),
(247, 33, 3, NULL, 2024, NULL, 4, 102.2, '2025-10-06 22:43:43', '2025-10-06 22:43:43'),
(248, 33, 3, NULL, 2024, NULL, 5, 102.5, '2025-10-06 22:43:43', '2025-10-06 22:43:43'),
(249, 33, 3, NULL, 2024, NULL, 6, 103, '2025-10-06 22:43:43', '2025-10-06 22:43:43'),
(250, 33, 3, NULL, 2024, NULL, 7, 103.4, '2025-10-06 22:43:43', '2025-10-06 22:43:43'),
(251, 33, 3, NULL, 2024, NULL, 8, 103.9, '2025-10-06 22:43:43', '2025-10-06 22:43:43'),
(252, 33, 3, NULL, 2024, NULL, 9, 103.6, '2025-10-06 22:43:43', '2025-10-06 22:43:43'),
(253, 33, 3, NULL, 2024, NULL, 10, 103.2, '2025-10-06 22:43:43', '2025-10-06 22:43:43'),
(254, 33, 3, NULL, 2024, NULL, 11, 103.1, '2025-10-06 22:43:43', '2025-10-06 22:43:43'),
(255, 33, 3, NULL, 2024, NULL, 12, 104, '2025-10-06 22:43:43', '2025-10-06 22:43:43'),
(256, 34, 3, 20, 2024, 1, NULL, 42, '2025-10-06 22:43:43', '2025-10-06 22:43:43'),
(257, 34, 3, 21, 2024, 1, NULL, 34, '2025-10-06 22:43:43', '2025-10-06 22:43:43'),
(258, 34, 3, 22, 2024, 1, NULL, 24, '2025-10-06 22:43:43', '2025-10-06 22:43:43'),
(259, 34, 3, 20, 2024, 2, NULL, 44, '2025-10-06 22:43:43', '2025-10-06 22:43:43'),
(260, 34, 3, 21, 2024, 2, NULL, 33, '2025-10-06 22:43:43', '2025-10-06 22:43:43'),
(261, 34, 3, 22, 2024, 2, NULL, 23, '2025-10-06 22:43:43', '2025-10-06 22:43:43'),
(262, 34, 3, 20, 2024, 3, NULL, 40, '2025-10-06 22:43:43', '2025-10-06 22:43:43'),
(263, 34, 3, 21, 2024, 3, NULL, 35, '2025-10-06 22:43:43', '2025-10-06 22:43:43'),
(264, 34, 3, 22, 2024, 3, NULL, 25, '2025-10-06 22:43:43', '2025-10-06 22:43:43'),
(265, 34, 3, 20, 2024, 4, NULL, 41, '2025-10-06 22:43:43', '2025-10-06 22:43:43'),
(266, 34, 3, 21, 2024, 4, NULL, 34, '2025-10-06 22:43:43', '2025-10-06 22:43:43'),
(267, 34, 3, 22, 2024, 4, NULL, 25, '2025-10-06 22:43:43', '2025-10-06 22:43:43'),
(268, 35, 3, 23, 2024, NULL, 1, 61, '2025-10-06 22:43:43', '2025-10-06 22:43:43'),
(269, 35, 3, 24, 2024, NULL, 1, 15, '2025-10-06 22:43:43', '2025-10-06 22:43:43'),
(270, 35, 3, 25, 2024, NULL, 1, 20, '2025-10-06 22:43:43', '2025-10-06 22:43:43'),
(271, 35, 3, 26, 2024, NULL, 1, 4, '2025-10-06 22:43:43', '2025-10-06 22:43:43'),
(272, 35, 3, 23, 2024, NULL, 2, 61, '2025-10-06 22:43:43', '2025-10-06 22:43:43'),
(273, 35, 3, 24, 2024, NULL, 2, 15, '2025-10-06 22:43:43', '2025-10-06 22:43:43'),
(274, 35, 3, 25, 2024, NULL, 2, 20, '2025-10-06 22:43:43', '2025-10-06 22:43:43'),
(275, 35, 3, 26, 2024, NULL, 2, 4, '2025-10-06 22:43:43', '2025-10-06 22:43:43'),
(276, 35, 3, 23, 2024, NULL, 3, 62, '2025-10-06 22:43:43', '2025-10-06 22:43:43'),
(277, 35, 3, 24, 2024, NULL, 3, 14, '2025-10-06 22:43:43', '2025-10-06 22:43:43'),
(278, 35, 3, 25, 2024, NULL, 3, 20, '2025-10-06 22:43:43', '2025-10-06 22:43:43'),
(279, 35, 3, 26, 2024, NULL, 3, 4, '2025-10-06 22:43:43', '2025-10-06 22:43:43'),
(280, 35, 3, 23, 2024, NULL, 4, 61, '2025-10-06 22:43:43', '2025-10-06 22:43:43'),
(281, 35, 3, 24, 2024, NULL, 4, 15, '2025-10-06 22:43:43', '2025-10-06 22:43:43'),
(282, 35, 3, 25, 2024, NULL, 4, 20, '2025-10-06 22:43:43', '2025-10-06 22:43:43'),
(283, 35, 3, 26, 2024, NULL, 4, 4, '2025-10-06 22:43:43', '2025-10-06 22:43:43'),
(284, 35, 3, 23, 2024, NULL, 5, 60, '2025-10-06 22:43:43', '2025-10-06 22:43:43'),
(285, 35, 3, 24, 2024, NULL, 5, 16, '2025-10-06 22:43:43', '2025-10-06 22:43:43'),
(286, 35, 3, 25, 2024, NULL, 5, 20, '2025-10-06 22:43:43', '2025-10-06 22:43:43'),
(287, 35, 3, 26, 2024, NULL, 5, 4, '2025-10-06 22:43:43', '2025-10-06 22:43:43'),
(288, 35, 3, 23, 2024, NULL, 6, 59, '2025-10-06 22:43:43', '2025-10-06 22:43:43'),
(289, 35, 3, 24, 2024, NULL, 6, 17, '2025-10-06 22:43:43', '2025-10-06 22:43:43'),
(290, 35, 3, 25, 2024, NULL, 6, 21, '2025-10-06 22:43:43', '2025-10-06 22:43:43'),
(291, 35, 3, 26, 2024, NULL, 6, 3, '2025-10-06 22:43:43', '2025-10-06 22:43:43'),
(292, 35, 3, 23, 2024, NULL, 7, 59, '2025-10-06 22:43:43', '2025-10-06 22:43:43'),
(293, 35, 3, 24, 2024, NULL, 7, 17, '2025-10-06 22:43:43', '2025-10-06 22:43:43'),
(294, 35, 3, 25, 2024, NULL, 7, 21, '2025-10-06 22:43:43', '2025-10-06 22:43:43'),
(295, 35, 3, 26, 2024, NULL, 7, 3, '2025-10-06 22:43:43', '2025-10-06 22:43:43'),
(296, 35, 3, 23, 2024, NULL, 8, 58, '2025-10-06 22:43:43', '2025-10-06 22:43:43'),
(297, 35, 3, 24, 2024, NULL, 8, 18, '2025-10-06 22:43:43', '2025-10-06 22:43:43'),
(298, 35, 3, 25, 2024, NULL, 8, 21, '2025-10-06 22:43:43', '2025-10-06 22:43:43'),
(299, 35, 3, 26, 2024, NULL, 8, 3, '2025-10-06 22:43:43', '2025-10-06 22:43:43'),
(300, 35, 3, 23, 2024, NULL, 9, 59, '2025-10-06 22:43:43', '2025-10-06 22:43:43'),
(301, 35, 3, 24, 2024, NULL, 9, 17, '2025-10-06 22:43:43', '2025-10-06 22:43:43'),
(302, 35, 3, 25, 2024, NULL, 9, 21, '2025-10-06 22:43:43', '2025-10-06 22:43:43'),
(303, 35, 3, 26, 2024, NULL, 9, 3, '2025-10-06 22:43:43', '2025-10-06 22:43:43'),
(304, 35, 3, 23, 2024, NULL, 10, 59, '2025-10-06 22:43:43', '2025-10-06 22:43:43'),
(305, 35, 3, 24, 2024, NULL, 10, 17, '2025-10-06 22:43:43', '2025-10-06 22:43:43'),
(306, 35, 3, 25, 2024, NULL, 10, 21, '2025-10-06 22:43:43', '2025-10-06 22:43:43'),
(307, 35, 3, 26, 2024, NULL, 10, 3, '2025-10-06 22:43:43', '2025-10-06 22:43:43'),
(308, 35, 3, 23, 2024, NULL, 11, 58, '2025-10-06 22:43:43', '2025-10-06 22:43:43'),
(309, 35, 3, 24, 2024, NULL, 11, 18, '2025-10-06 22:43:43', '2025-10-06 22:43:43'),
(310, 35, 3, 25, 2024, NULL, 11, 21, '2025-10-06 22:43:43', '2025-10-06 22:43:43'),
(311, 35, 3, 26, 2024, NULL, 11, 3, '2025-10-06 22:43:43', '2025-10-06 22:43:43'),
(312, 35, 3, 23, 2024, NULL, 12, 58, '2025-10-06 22:43:43', '2025-10-06 22:43:43'),
(313, 35, 3, 24, 2024, NULL, 12, 18, '2025-10-06 22:43:43', '2025-10-06 22:43:43'),
(314, 35, 3, 25, 2024, NULL, 12, 21, '2025-10-06 22:43:43', '2025-10-06 22:43:43'),
(315, 35, 3, 26, 2024, NULL, 12, 3, '2025-10-06 22:43:43', '2025-10-06 22:43:43');

-- --------------------------------------------------------

--
-- Table structure for table `infografis`
--

CREATE TABLE `infografis` (
  `id` int UNSIGNED NOT NULL,
  `judul` varchar(255) COLLATE utf8mb4_general_ci NOT NULL,
  `deskripsi` text COLLATE utf8mb4_general_ci,
  `gambar` varchar(255) COLLATE utf8mb4_general_ci NOT NULL,
  `tanggal` date NOT NULL,
  `created_at` timestamp NOT NULL DEFAULT CURRENT_TIMESTAMP
) ENGINE=InnoDB DEFAULT CHARSET=utf8mb4 COLLATE=utf8mb4_general_ci;

--
-- Dumping data for table `infografis`
--

INSERT INTO `infografis` (`id`, `judul`, `deskripsi`, `gambar`, `tanggal`, `created_at`) VALUES
(1, 'IPM 2020', 'Indeks Pembangunan Manusia 2020', 'cover.jpg', '2025-08-29', '2025-10-06 15:43:42'),
(2, 'Sensus Penduduk 2020', 'Jumlah Penduduk Jawa Barat Hasil SP 2020', 'cover2.jpg', '2025-08-29', '2025-10-06 15:43:42');

-- --------------------------------------------------------

--
-- Table structure for table `laporan_kunjungan`
--

CREATE TABLE `laporan_kunjungan` (
  `id` int UNSIGNED NOT NULL,
  `user_id` int UNSIGNED DEFAULT NULL,
  `username` varchar(100) COLLATE utf8mb4_general_ci DEFAULT NULL,
  `login_time` datetime NOT NULL,
  `logout_time` datetime DEFAULT NULL,
  `durasi_waktu` time DEFAULT NULL
) ENGINE=InnoDB DEFAULT CHARSET=utf8mb4 COLLATE=utf8mb4_general_ci;

-- --------------------------------------------------------

--
-- Table structure for table `migrations`
--

CREATE TABLE `migrations` (
  `id` bigint UNSIGNED NOT NULL,
  `version` varchar(255) COLLATE utf8mb4_general_ci NOT NULL,
  `class` varchar(255) COLLATE utf8mb4_general_ci NOT NULL,
  `group` varchar(255) COLLATE utf8mb4_general_ci NOT NULL,
  `namespace` varchar(255) COLLATE utf8mb4_general_ci NOT NULL,
  `time` int NOT NULL,
  `batch` int UNSIGNED NOT NULL
) ENGINE=InnoDB DEFAULT CHARSET=utf8mb4 COLLATE=utf8mb4_general_ci;

--
-- Dumping data for table `migrations`
--

INSERT INTO `migrations` (`id`, `version`, `class`, `group`, `namespace`, `time`, `batch`) VALUES
(1, '2025-09-04-043441', 'App\\Database\\Migrations\\CreateUsers', 'default', 'App', 1759765418, 1),
(2, '2025-09-04-043442', 'App\\Database\\Migrations\\CreateCarousel', 'default', 'App', 1759765418, 1),
(3, '2025-09-04-043442', 'App\\Database\\Migrations\\CreateInfografis', 'default', 'App', 1759765418, 1),
(4, '2025-09-04-043442', 'App\\Database\\Migrations\\CreateLaporanKunjungan', 'default', 'App', 1759765418, 1),
(5, '2025-09-04-043442', 'App\\Database\\Migrations\\CreatePasswordResets', 'default', 'App', 1759765418, 1),
(6, '2025-09-12-000001', 'App\\Database\\Migrations\\CreateRegions', 'default', 'App', 1759765418, 1),
(7, '2025-09-12-000002', 'App\\Database\\Migrations\\CreateIndicators', 'default', 'App', 1759765418, 1),
(8, '2025-09-12-000003', 'App\\Database\\Migrations\\CreateIndicatorRows', 'default', 'App', 1759765418, 1),
(9, '2025-09-12-000004', 'App\\Database\\Migrations\\CreateIndicatorRowVars', 'default', 'App', 1759765418, 1),
(10, '2025-09-12-000005', 'App\\Database\\Migrations\\CreateIndicatorValues', 'default', 'App', 1759765418, 1);

-- --------------------------------------------------------

--
-- Table structure for table `password_resets`
--

CREATE TABLE `password_resets` (
  `id` int UNSIGNED NOT NULL,
  `email` varchar(100) COLLATE utf8mb4_general_ci NOT NULL,
  `token_hash` varchar(255) COLLATE utf8mb4_general_ci NOT NULL,
  `expires_at` datetime NOT NULL,
  `used_at` datetime DEFAULT NULL,
  `created_at` timestamp NOT NULL DEFAULT CURRENT_TIMESTAMP
) ENGINE=InnoDB DEFAULT CHARSET=utf8mb4 COLLATE=utf8mb4_general_ci;

-- --------------------------------------------------------

--
-- Table structure for table `regions`
--

CREATE TABLE `regions` (
  `id` int UNSIGNED NOT NULL,
  `code_bps` varchar(10) COLLATE utf8mb4_general_ci DEFAULT NULL,
  `name` varchar(100) COLLATE utf8mb4_general_ci NOT NULL,
  `is_default` tinyint(1) NOT NULL DEFAULT '0',
  `created_at` datetime DEFAULT NULL,
  `updated_at` datetime DEFAULT NULL
) ENGINE=InnoDB DEFAULT CHARSET=utf8mb4 COLLATE=utf8mb4_general_ci;

--
-- Dumping data for table `regions`
--

INSERT INTO `regions` (`id`, `code_bps`, `name`, `is_default`, `created_at`, `updated_at`) VALUES
(1, '3372', 'Kota Tegal', 1, '2025-10-06 22:43:42', '2025-10-06 22:43:42'),
(2, '3328', 'Kabupaten Tegal', 0, '2025-10-06 22:43:42', '2025-10-06 22:43:42'),
(3, '3373', 'Kota Dummy', 0, '2025-10-06 22:43:42', '2025-10-06 22:43:42');

-- --------------------------------------------------------

--
-- Table structure for table `users`
--

CREATE TABLE `users` (
  `id` int UNSIGNED NOT NULL,
  `username` varchar(50) COLLATE utf8mb4_general_ci NOT NULL,
  `fullname` varchar(100) COLLATE utf8mb4_general_ci DEFAULT NULL,
  `email` varchar(100) COLLATE utf8mb4_general_ci NOT NULL,
  `phone` varchar(20) COLLATE utf8mb4_general_ci DEFAULT NULL,
  `photo` varchar(255) COLLATE utf8mb4_general_ci DEFAULT NULL,
  `password` varchar(255) COLLATE utf8mb4_general_ci DEFAULT NULL,
  `google_id` varchar(255) COLLATE utf8mb4_general_ci DEFAULT NULL,
  `auth_provider` enum('local','google') COLLATE utf8mb4_general_ci NOT NULL DEFAULT 'local',
  `email_verified_at` datetime DEFAULT NULL,
  `role` enum('admin','user') COLLATE utf8mb4_general_ci NOT NULL DEFAULT 'user',
  `created_at` timestamp NOT NULL DEFAULT CURRENT_TIMESTAMP
) ENGINE=InnoDB DEFAULT CHARSET=utf8mb4 COLLATE=utf8mb4_general_ci;

--
-- Dumping data for table `users`
--

INSERT INTO `users` (`id`, `username`, `fullname`, `email`, `phone`, `photo`, `password`, `google_id`, `auth_provider`, `email_verified_at`, `role`, `created_at`) VALUES
(1, 'admin', 'Admin', 'admin@gmail.com', NULL, NULL, '$2y$12$LhIm/P2whX8QCpw4i6qmzuDh3GKALwv.WJQvsghBhw9oIRbechsMS', NULL, 'local', NULL, 'admin', '2025-10-06 15:43:42'),
(2, 'user', 'User', 'user@gmail.com', NULL, NULL, '$2y$12$i2H6uIK7oDPcF0wUMKnqTum.vs4cZUuNA14D79RM34iA8IzlPiVIu', NULL, 'local', NULL, 'user', '2025-10-06 15:43:42');

--
-- Indexes for dumped tables
--

--
-- Indexes for table `carousel`
--
ALTER TABLE `carousel`
  ADD PRIMARY KEY (`id`);

--
-- Indexes for table `indicators`
--
ALTER TABLE `indicators`
  ADD PRIMARY KEY (`id`),
  ADD KEY `region_id` (`region_id`);

--
-- Indexes for table `indicator_rows`
--
ALTER TABLE `indicator_rows`
  ADD PRIMARY KEY (`id`),
  ADD KEY `indicator_id` (`indicator_id`);

--
-- Indexes for table `indicator_row_vars`
--
ALTER TABLE `indicator_row_vars`
  ADD PRIMARY KEY (`id`),
  ADD KEY `row_id` (`row_id`);

--
-- Indexes for table `indicator_values`
--
ALTER TABLE `indicator_values`
  ADD PRIMARY KEY (`id`),
  ADD KEY `indicator_values_region_id_foreign` (`region_id`),
  ADD KEY `indicator_values_var_id_foreign` (`var_id`),
  ADD KEY `row_id_region_id` (`row_id`,`region_id`);

--
-- Indexes for table `infografis`
--
ALTER TABLE `infografis`
  ADD PRIMARY KEY (`id`);

--
-- Indexes for table `laporan_kunjungan`
--
ALTER TABLE `laporan_kunjungan`
  ADD PRIMARY KEY (`id`);

--
-- Indexes for table `migrations`
--
ALTER TABLE `migrations`
  ADD PRIMARY KEY (`id`);

--
-- Indexes for table `password_resets`
--
ALTER TABLE `password_resets`
  ADD PRIMARY KEY (`id`),
  ADD KEY `email` (`email`),
  ADD KEY `expires_at` (`expires_at`);

--
-- Indexes for table `regions`
--
ALTER TABLE `regions`
  ADD PRIMARY KEY (`id`),
  ADD UNIQUE KEY `code_bps` (`code_bps`);

--
-- Indexes for table `users`
--
ALTER TABLE `users`
  ADD PRIMARY KEY (`id`),
  ADD UNIQUE KEY `email` (`email`),
  ADD UNIQUE KEY `google_id` (`google_id`);

--
-- AUTO_INCREMENT for dumped tables
--

--
-- AUTO_INCREMENT for table `carousel`
--
ALTER TABLE `carousel`
  MODIFY `id` int UNSIGNED NOT NULL AUTO_INCREMENT, AUTO_INCREMENT=4;

--
-- AUTO_INCREMENT for table `indicators`
--
ALTER TABLE `indicators`
  MODIFY `id` int UNSIGNED NOT NULL AUTO_INCREMENT, AUTO_INCREMENT=23;

--
-- AUTO_INCREMENT for table `indicator_rows`
--
ALTER TABLE `indicator_rows`
  MODIFY `id` int UNSIGNED NOT NULL AUTO_INCREMENT, AUTO_INCREMENT=36;

--
-- AUTO_INCREMENT for table `indicator_row_vars`
--
ALTER TABLE `indicator_row_vars`
  MODIFY `id` int UNSIGNED NOT NULL AUTO_INCREMENT, AUTO_INCREMENT=27;

--
-- AUTO_INCREMENT for table `indicator_values`
--
ALTER TABLE `indicator_values`
  MODIFY `id` bigint UNSIGNED NOT NULL AUTO_INCREMENT, AUTO_INCREMENT=316;

--
-- AUTO_INCREMENT for table `infografis`
--
ALTER TABLE `infografis`
  MODIFY `id` int UNSIGNED NOT NULL AUTO_INCREMENT, AUTO_INCREMENT=3;

--
-- AUTO_INCREMENT for table `laporan_kunjungan`
--
ALTER TABLE `laporan_kunjungan`
  MODIFY `id` int UNSIGNED NOT NULL AUTO_INCREMENT;

--
-- AUTO_INCREMENT for table `migrations`
--
ALTER TABLE `migrations`
  MODIFY `id` bigint UNSIGNED NOT NULL AUTO_INCREMENT, AUTO_INCREMENT=11;

--
-- AUTO_INCREMENT for table `password_resets`
--
ALTER TABLE `password_resets`
  MODIFY `id` int UNSIGNED NOT NULL AUTO_INCREMENT;

--
-- AUTO_INCREMENT for table `regions`
--
ALTER TABLE `regions`
  MODIFY `id` int UNSIGNED NOT NULL AUTO_INCREMENT, AUTO_INCREMENT=4;

--
-- AUTO_INCREMENT for table `users`
--
ALTER TABLE `users`
  MODIFY `id` int UNSIGNED NOT NULL AUTO_INCREMENT, AUTO_INCREMENT=3;

--
-- Constraints for dumped tables
--

--
-- Constraints for table `indicators`
--
ALTER TABLE `indicators`
  ADD CONSTRAINT `indicators_region_id_foreign` FOREIGN KEY (`region_id`) REFERENCES `regions` (`id`) ON DELETE CASCADE ON UPDATE CASCADE;

--
-- Constraints for table `indicator_rows`
--
ALTER TABLE `indicator_rows`
  ADD CONSTRAINT `indicator_rows_indicator_id_foreign` FOREIGN KEY (`indicator_id`) REFERENCES `indicators` (`id`) ON DELETE CASCADE ON UPDATE CASCADE;

--
-- Constraints for table `indicator_row_vars`
--
ALTER TABLE `indicator_row_vars`
  ADD CONSTRAINT `indicator_row_vars_row_id_foreign` FOREIGN KEY (`row_id`) REFERENCES `indicator_rows` (`id`) ON DELETE CASCADE ON UPDATE CASCADE;

--
-- Constraints for table `indicator_values`
--
ALTER TABLE `indicator_values`
  ADD CONSTRAINT `indicator_values_region_id_foreign` FOREIGN KEY (`region_id`) REFERENCES `regions` (`id`) ON DELETE CASCADE ON UPDATE CASCADE,
  ADD CONSTRAINT `indicator_values_row_id_foreign` FOREIGN KEY (`row_id`) REFERENCES `indicator_rows` (`id`) ON DELETE CASCADE ON UPDATE CASCADE,
  ADD CONSTRAINT `indicator_values_var_id_foreign` FOREIGN KEY (`var_id`) REFERENCES `indicator_row_vars` (`id`) ON DELETE CASCADE ON UPDATE CASCADE;
COMMIT;

/*!40101 SET CHARACTER_SET_CLIENT=@OLD_CHARACTER_SET_CLIENT */;
/*!40101 SET CHARACTER_SET_RESULTS=@OLD_CHARACTER_SET_RESULTS */;
/*!40101 SET COLLATION_CONNECTION=@OLD_COLLATION_CONNECTION */;
